{
  "name": "xtrareportsjs",
  "version": "17.1.3",
  "description": "DevExpress Reporting",
  "moduleType": [
    "globals"
  ],
  "main": [
    "js/dx-designer.min.js",
    "js/report-designer.min.js",
    "js/web-document-viewer.min.js",
    "css/web-document-viewer-dark.css",
    "css/web-document-viewer-light.css",
    "css/report-designer-dark.css",
    "css/report-designer-light.css",
    "html/report-designer.html",
    "html/web-document-viewer.html"
  ],
  "authors": [
    {
      "name": "Developer Express Inc.",
      "email": "support@devexpress.com",
      "homepage": "http://www.devexpress.com"
    }
  ],
  "repository": {
    "type": "git",
    "url": "http://github.com/DevExpress/bower-xtrareports-js"
  },
  "license": "http://www.devexpress.com/Support/EULAs/NetComponents.xml",
  "homepage": "http://www.devexpress.com/Subscriptions/Reporting",
  "keywords": [
    "xtrareports",
    "devexpress",
    "developer express",
    "reporting",
    "document viewer",
    "report designer"
  ],
  "dependencies": {
    "jquery": ">=2.2.3 <3",
    "jquery-ui": "^1.11.4",
    "knockout": "latest",
    "globalize": "^1.1",
    "devextreme": "17.1.3"
  },
  "ignore": [
    "node_modules",
    "bower_components"
  ],
  "install": {
    "path": "lib"
  },
  "_release": "17.1.3",
  "_resolution": {
    "type": "version",
    "tag": "17.1.3",
    "commit": "48735586d94d26ae928ed8104252f8736f7f4dd3"
  },
  "_source": "https://github.com/DevExpress/bower-xtrareports-js.git",
  "_target": "^17.1.3",
  "_originalSource": "xtrareportsjs"
}